<?xml version="1.0" encoding="UTF-8"?>
<project xmlns="http://maven.apache.org/POM/4.0.0" xmlns:xsi="http://www.w3.org/2001/XMLSchema-instance" xsi:schemaLocation="http://maven.apache.org/POM/4.0.0 http://maven.apache.org/maven-v4_0_0.xsd">
  <parent>
    <artifactId>quickshop-hikari</artifactId>
    <groupId>com.ghostchu</groupId>
    <version>6.3.0.0-SNAPSHOT-2</version>
    <relativePath>../../pom.xml</relativePath>
  </parent>
  <modelVersion>4.0.0</modelVersion>
  <groupId>com.ghostchu.quickshop.compatibility</groupId>
  <artifactId>elitemobs</artifactId>
  <packaging>takari-jar</packaging>
  <name>Compat-EliteMobs</name>
  <description>Compatibility module for EliteMobs</description>
  <build>
    <resources>
      <resource>
        <filtering>true</filtering>
        <directory>src/main/resources</directory>
      </resource>
    </resources>
    <plugins>
      <plugin>
        <artifactId>maven-shade-plugin</artifactId>
      </plugin>
    </plugins>
  </build>
  <repositories>
    <repository>
      <id>sonatype</id>
      <url>https://oss.sonatype.org/content/groups/public/</url>
    </repository>
    <repository>
      <id>sonatype-snapshot</id>
      <url>https://s01.oss.sonatype.org/content/repositories/snapshots/</url>
    </repository>
    <repository>
      <id>magmaguy-repo-releases</id>
      <name>MagmaGuy's Repository</name>
      <url>https://repo.magmaguy.com/releases</url>
    </repository>
  </repositories>
  <dependencies>
    <dependency>
      <groupId>io.papermc.paper</groupId>
      <artifactId>paper-api</artifactId>
      <version>1.21.1-R0.1-SNAPSHOT</version>
      <scope>provided</scope>
    </dependency>
    <dependency>
      <groupId>com.ghostchu</groupId>
      <artifactId>quickshop-bukkit</artifactId>
      <version>6.3.0.0-SNAPSHOT-2</version>
      <scope>provided</scope>
    </dependency>
    <dependency>
      <groupId>com.magmaguy</groupId>
      <artifactId>EliteMobs</artifactId>
      <version>9.2.3</version>
      <scope>provided</scope>
      <exclusions>
        <exclusion>
          <artifactId>cloud-paper</artifactId>
          <groupId>cloud.commandframework</groupId>
        </exclusion>
        <exclusion>
          <artifactId>cloud-minecraft-extras</artifactId>
          <groupId>cloud.commandframework</groupId>
        </exclusion>
        <exclusion>
          <artifactId>geantyref</artifactId>
          <groupId>io.leangen.geantyref</groupId>
        </exclusion>
        <exclusion>
          <artifactId>reflections</artifactId>
          <groupId>org.reflections</groupId>
        </exclusion>
        <exclusion>
          <artifactId>commons-io</artifactId>
          <groupId>commons-io</groupId>
        </exclusion>
        <exclusion>
          <artifactId>*</artifactId>
          <groupId>net.kyori</groupId>
        </exclusion>
      </exclusions>
    </dependency>
    <dependency>
      <groupId>org.projectlombok</groupId>
      <artifactId>lombok</artifactId>
      <version>1.18.38</version>
      <scope>provided</scope>
    </dependency>
    <dependency>
      <groupId>org.jetbrains</groupId>
      <artifactId>annotations</artifactId>
      <version>26.0.2-1</version>
      <scope>provided</scope>
    </dependency>
    <dependency>
      <groupId>org.xerial</groupId>
      <artifactId>sqlite-jdbc</artifactId>
      <version>3.46.1.3</version>
      <scope>compile</scope>
    </dependency>
  </dependencies>
</project>
