<?xml version="1.0" encoding="UTF-8"?>
<project xmlns="http://maven.apache.org/POM/4.0.0" xmlns:xsi="http://www.w3.org/2001/XMLSchema-instance" xsi:schemaLocation="http://maven.apache.org/POM/4.0.0 http://maven.apache.org/maven-v4_0_0.xsd">
  <parent>
    <artifactId>quickshop-hikari</artifactId>
    <groupId>com.ghostchu</groupId>
    <version>6.3.0.0-SNAPSHOT-2</version>
    <relativePath>../../pom.xml</relativePath>
  </parent>
  <modelVersion>4.0.0</modelVersion>
  <groupId>com.ghostchu.quickshop.addon</groupId>
  <artifactId>reremake-migrator</artifactId>
  <packaging>takari-jar</packaging>
  <name>Addon-Reremake-Migrator</name>
  <description>Migrator QuickShop-Reremake data to QuickShop-Hikari</description>
  <build>
    <resources>
      <resource>
        <filtering>true</filtering>
        <directory>src/main/resources</directory>
      </resource>
    </resources>
    <plugins>
      <plugin>
        <artifactId>maven-shade-plugin</artifactId>
        <version>3.6.0</version>
        <executions>
          <execution>
            <phase>package</phase>
            <goals>
              <goal>shade</goal>
            </goals>
            <configuration>
              <finalName>${project.name}-${project.version}</finalName>
              <createDependencyReducedPom>true</createDependencyReducedPom>
              <minimizeJar>false</minimizeJar>
              <createSourcesJar>false</createSourcesJar>
              <createTestSourcesJar>false</createTestSourcesJar>
              <shadeSourcesContent>true</shadeSourcesContent>
              <shadedArtifactAttached>true</shadedArtifactAttached>
              <artifactSet>
                <includes>
                  <include>de.themoep:minedown-adventure:*</include>
                  <include>com.ghostchu.thirdparty:JsonConfiguration:*</include>
                  <include>net.minidev:json-smart:*</include>
                </includes>
              </artifactSet>
              <relocations>
                <relocation>
                  <pattern>de.themoep.minedown.</pattern>
                  <shadedPattern>com.ghostchu.quickshop.addon.reremakemigrator.shade.de.themoep.minedown.</shadedPattern>
                </relocation>
                <relocation>
                  <pattern>com.dumptruckman.</pattern>
                  <shadedPattern>com.ghostchu.quickshop.addon.reremakemigrator.shade.com.dumptruckman.</shadedPattern>
                </relocation>
                <relocation>
                  <pattern>net.minidev.</pattern>
                  <shadedPattern>com.ghostchu.quickshop.addon.reremakemigrator.shade.net.minidev.</shadedPattern>
                </relocation>
              </relocations>
              <filters>
                <filter>
                  <excludes>
                    <exclude>META-INF/*.SF</exclude>
                    <exclude>META-INF/*.DSA</exclude>
                    <exclude>META-INF/*.RSA</exclude>
                    <exclude>META-INF/*.kotlin_module</exclude>
                    <exclude>META-INF/*.txt</exclude>
                    <exclude>META-INF/proguard/*</exclude>
                    <exclude>META-INF/services/*</exclude>
                    <exclude>META-INF/versions/9/*</exclude>
                    <exclude>*License*</exclude>
                    <exclude>*LICENSE*</exclude>
                  </excludes>
                </filter>
              </filters>
            </configuration>
          </execution>
        </executions>
      </plugin>
    </plugins>
  </build>
  <repositories>
    <repository>
      <id>quickshop-repo</id>
      <url>https://repo.codemc.io/repository/maven-public/</url>
    </repository>
    <repository>
      <id>minebench-repo</id>
      <url>https://repo.minebench.de/</url>
    </repository>
    <repository>
      <id>CodeMC</id>
      <url>https://repo.codemc.io/repository/maven-public/</url>
    </repository>
  </repositories>
  <dependencies>
    <dependency>
      <groupId>io.papermc.paper</groupId>
      <artifactId>paper-api</artifactId>
      <version>1.21.1-R0.1-SNAPSHOT</version>
      <scope>provided</scope>
    </dependency>
    <dependency>
      <groupId>com.ghostchu</groupId>
      <artifactId>quickshop-bukkit</artifactId>
      <version>6.3.0.0-SNAPSHOT-2</version>
      <scope>provided</scope>
    </dependency>
    <dependency>
      <groupId>io.vavr</groupId>
      <artifactId>vavr</artifactId>
      <version>0.10.7</version>
      <scope>provided</scope>
    </dependency>
    <dependency>
      <groupId>org.maxgamer</groupId>
      <artifactId>QuickShop</artifactId>
      <version>5.1.2.5</version>
      <scope>provided</scope>
    </dependency>
    <dependency>
      <groupId>org.projectlombok</groupId>
      <artifactId>lombok</artifactId>
      <version>1.18.38</version>
      <scope>provided</scope>
    </dependency>
    <dependency>
      <groupId>org.jetbrains</groupId>
      <artifactId>annotations</artifactId>
      <version>26.0.2-1</version>
      <scope>provided</scope>
    </dependency>
    <dependency>
      <groupId>org.xerial</groupId>
      <artifactId>sqlite-jdbc</artifactId>
      <version>3.46.1.3</version>
      <scope>compile</scope>
    </dependency>
  </dependencies>
</project>
