<?xml version="1.0" encoding="UTF-8"?>
<project xmlns="http://maven.apache.org/POM/4.0.0" xmlns:xsi="http://www.w3.org/2001/XMLSchema-instance" xsi:schemaLocation="http://maven.apache.org/POM/4.0.0 http://maven.apache.org/maven-v4_0_0.xsd">
  <parent>
    <artifactId>quickshop-hikari</artifactId>
    <groupId>com.ghostchu</groupId>
    <version>6.3.0.0-SNAPSHOT-2</version>
    <relativePath>../../pom.xml</relativePath>
  </parent>
  <modelVersion>4.0.0</modelVersion>
  <groupId>com.ghostchu.quickshop.compatibility</groupId>
  <artifactId>matcherplus</artifactId>
  <packaging>takari-jar</packaging>
  <name>Compat-MatcherPlus</name>
  <description>Compatibility module for various special item plugins</description>
  <build>
    <resources>
      <resource>
        <filtering>true</filtering>
        <directory>src/main/resources</directory>
      </resource>
    </resources>
    <plugins>
      <plugin>
        <artifactId>maven-shade-plugin</artifactId>
      </plugin>
    </plugins>
  </build>
  <repositories>
    <repository>
      <id>nexo-api</id>
      <url>https://repo.nexomc.com/releases</url>
    </repository>
    <repository>
      <id>oraxen-api</id>
      <name>Oraxen Repository</name>
      <url>https://repo.oraxen.com/releases</url>
    </repository>
    <repository>
      <id>nova-api</id>
      <url>https://repo.xenondevs.xyz/releases</url>
    </repository>
    <repository>
      <id>jitpack.io</id>
      <url>https://jitpack.io</url>
    </repository>
    <repository>
      <id>jsinco-repo</id>
      <url>https://repo.jsinco.dev/releases</url>
    </repository>
    <repository>
      <id>crazycrew-releases</id>
      <name>CrazyCrew Repository</name>
      <url>https://repo.crazycrew.us/releases</url>
    </repository>
    <repository>
      <id>SilkSpawners-Repo</id>
      <url>https://repo.dustplanet.de/artifactory/libs-release-local/</url>
    </repository>
    <repository>
      <id>nightexpress-releases</id>
      <url>https://repo.nightexpressdev.com/releases</url>
    </repository>
  </repositories>
  <dependencies>
    <dependency>
      <groupId>io.papermc.paper</groupId>
      <artifactId>paper-api</artifactId>
      <version>1.21.1-R0.1-SNAPSHOT</version>
      <scope>provided</scope>
    </dependency>
    <dependency>
      <groupId>com.ghostchu</groupId>
      <artifactId>quickshop-bukkit</artifactId>
      <version>6.3.0.0-SNAPSHOT-2</version>
      <scope>provided</scope>
    </dependency>
    <dependency>
      <groupId>com.dre.brewery</groupId>
      <artifactId>BreweryX</artifactId>
      <version>3.4.3</version>
      <scope>provided</scope>
    </dependency>
    <dependency>
      <groupId>su.nightexpress.excellentcrates</groupId>
      <artifactId>ExcellentCrates</artifactId>
      <version>6.5.0</version>
      <scope>provided</scope>
    </dependency>
    <dependency>
      <groupId>com.badbones69.crazycrates</groupId>
      <artifactId>crazycrates-paper-api</artifactId>
      <version>1.21.7-1e861ff</version>
      <scope>provided</scope>
      <exclusions>
        <exclusion>
          <artifactId>triumph-cmd-bukkit</artifactId>
          <groupId>dev.triumphteam</groupId>
        </exclusion>
        <exclusion>
          <artifactId>crazycrates-core</artifactId>
          <groupId>CrazyCrates</groupId>
        </exclusion>
      </exclusions>
    </dependency>
    <dependency>
      <groupId>su.nightexpress.nightcore</groupId>
      <artifactId>main</artifactId>
      <version>2.10.0</version>
      <scope>provided</scope>
    </dependency>
    <dependency>
      <groupId>de.dustplanet</groupId>
      <artifactId>silkspawners</artifactId>
      <version>8.3.0</version>
      <scope>compile</scope>
      <exclusions>
        <exclusion>
          <artifactId>*</artifactId>
          <groupId>*</groupId>
        </exclusion>
      </exclusions>
    </dependency>
    <dependency>
      <groupId>com.nexomc</groupId>
      <artifactId>nexo</artifactId>
      <version>1.1.0</version>
      <scope>provided</scope>
      <exclusions>
        <exclusion>
          <artifactId>libby-core</artifactId>
          <groupId>net.byteflux</groupId>
        </exclusion>
        <exclusion>
          <artifactId>libby-bukkit</artifactId>
          <groupId>net.byteflux</groupId>
        </exclusion>
        <exclusion>
          <artifactId>actions-spigot</artifactId>
          <groupId>me.gabytm.util</groupId>
        </exclusion>
        <exclusion>
          <artifactId>annotations</artifactId>
          <groupId>org.jetbrains</groupId>
        </exclusion>
        <exclusion>
          <artifactId>PlayerAnimator</artifactId>
          <groupId>com.ticxo</groupId>
        </exclusion>
        <exclusion>
          <artifactId>IF</artifactId>
          <groupId>com.github.stefvanschie.inventoryframework</groupId>
        </exclusion>
        <exclusion>
          <artifactId>protectionlib</artifactId>
          <groupId>io.th0rgal</groupId>
        </exclusion>
        <exclusion>
          <artifactId>triumph-gui</artifactId>
          <groupId>dev.triumphteam</groupId>
        </exclusion>
        <exclusion>
          <artifactId>bstats-bukkit</artifactId>
          <groupId>org.bstats</groupId>
        </exclusion>
        <exclusion>
          <artifactId>custom-block-data</artifactId>
          <groupId>com.jeff-media</groupId>
        </exclusion>
        <exclusion>
          <artifactId>persistent-data-serializer</artifactId>
          <groupId>com.jeff-media</groupId>
        </exclusion>
        <exclusion>
          <artifactId>MorePersistentDataTypes</artifactId>
          <groupId>com.jeff_media</groupId>
        </exclusion>
        <exclusion>
          <artifactId>java</artifactId>
          <groupId>gs.mclo</groupId>
        </exclusion>
      </exclusions>
    </dependency>
    <dependency>
      <groupId>io.th0rgal</groupId>
      <artifactId>oraxen</artifactId>
      <version>1.189.0</version>
      <scope>provided</scope>
      <exclusions>
        <exclusion>
          <artifactId>actions-spigot</artifactId>
          <groupId>me.gabytm.util</groupId>
        </exclusion>
        <exclusion>
          <artifactId>annotations</artifactId>
          <groupId>org.jetbrains</groupId>
        </exclusion>
        <exclusion>
          <artifactId>PlayerAnimator</artifactId>
          <groupId>com.ticxo</groupId>
        </exclusion>
        <exclusion>
          <artifactId>IF</artifactId>
          <groupId>com.github.stefvanschie.inventoryframework</groupId>
        </exclusion>
        <exclusion>
          <artifactId>protectionlib</artifactId>
          <groupId>io.th0rgal</groupId>
        </exclusion>
        <exclusion>
          <artifactId>triumph-gui</artifactId>
          <groupId>dev.triumphteam</groupId>
        </exclusion>
        <exclusion>
          <artifactId>bstats-bukkit</artifactId>
          <groupId>org.bstats</groupId>
        </exclusion>
        <exclusion>
          <artifactId>custom-block-data</artifactId>
          <groupId>com.jeff-media</groupId>
        </exclusion>
        <exclusion>
          <artifactId>persistent-data-serializer</artifactId>
          <groupId>com.jeff-media</groupId>
        </exclusion>
        <exclusion>
          <artifactId>MorePersistentDataTypes</artifactId>
          <groupId>com.jeff_media</groupId>
        </exclusion>
        <exclusion>
          <artifactId>java</artifactId>
          <groupId>gs.mclo</groupId>
        </exclusion>
      </exclusions>
    </dependency>
    <dependency>
      <groupId>com.github.Slimefun</groupId>
      <artifactId>Slimefun4</artifactId>
      <version>RC-37</version>
      <scope>compile</scope>
    </dependency>
    <dependency>
      <groupId>xyz.xenondevs.nova</groupId>
      <artifactId>nova-api</artifactId>
      <version>0.18</version>
      <scope>provided</scope>
    </dependency>
    <dependency>
      <groupId>org.projectlombok</groupId>
      <artifactId>lombok</artifactId>
      <version>1.18.38</version>
      <scope>provided</scope>
    </dependency>
    <dependency>
      <groupId>org.jetbrains</groupId>
      <artifactId>annotations</artifactId>
      <version>26.0.2-1</version>
      <scope>provided</scope>
    </dependency>
    <dependency>
      <groupId>org.xerial</groupId>
      <artifactId>sqlite-jdbc</artifactId>
      <version>3.46.1.3</version>
      <scope>compile</scope>
    </dependency>
  </dependencies>
</project>
