<?xml version="1.0" encoding="UTF-8"?>
<project xmlns="http://maven.apache.org/POM/4.0.0" xmlns:xsi="http://www.w3.org/2001/XMLSchema-instance" xsi:schemaLocation="http://maven.apache.org/POM/4.0.0 http://maven.apache.org/maven-v4_0_0.xsd">
  <parent>
    <artifactId>quickshop-hikari</artifactId>
    <groupId>com.ghostchu</groupId>
    <version>6.3.0.0-SNAPSHOT-2</version>
    <relativePath>../../pom.xml</relativePath>
  </parent>
  <modelVersion>4.0.0</modelVersion>
  <groupId>com.ghostchu.quickshop.compatibility</groupId>
  <artifactId>plotsquared</artifactId>
  <packaging>takari-jar</packaging>
  <name>Compat-PlotSquared</name>
  <build>
    <resources>
      <resource>
        <filtering>true</filtering>
        <directory>src/main/resources</directory>
      </resource>
    </resources>
    <plugins>
      <plugin>
        <artifactId>maven-shade-plugin</artifactId>
      </plugin>
    </plugins>
  </build>
  <repositories>
    <repository>
      <id>enginehub-repo</id>
      <url>https://maven.enginehub.org/repo/</url>
    </repository>
    <repository>
      <id>papermc</id>
      <url>https://repo.papermc.io/repository/maven-public/</url>
    </repository>
    <repository>
      <id>jitpack</id>
      <url>https://jitpack.io</url>
    </repository>
  </repositories>
  <dependencies>
    <dependency>
      <groupId>io.papermc.paper</groupId>
      <artifactId>paper-api</artifactId>
      <version>1.21.1-R0.1-SNAPSHOT</version>
      <scope>provided</scope>
    </dependency>
    <dependency>
      <groupId>com.intellectualsites.plotsquared</groupId>
      <artifactId>plotsquared-bukkit</artifactId>
      <version>7.5.2</version>
      <scope>provided</scope>
      <exclusions>
        <exclusion>
          <artifactId>SquirrelID</artifactId>
          <groupId>com.github.EngineHub</groupId>
        </exclusion>
        <exclusion>
          <artifactId>Arkitektonika-Client</artifactId>
          <groupId>com.intellectualsites.arkitektonika</groupId>
        </exclusion>
        <exclusion>
          <artifactId>Paster</artifactId>
          <groupId>com.intellectualsites.paster</groupId>
        </exclusion>
        <exclusion>
          <artifactId>ServerLib</artifactId>
          <groupId>dev.notmyfault.serverlib</groupId>
        </exclusion>
        <exclusion>
          <artifactId>squirrelid</artifactId>
          <groupId>org.enginehub</groupId>
        </exclusion>
        <exclusion>
          <artifactId>adventure-platform-bukkit</artifactId>
          <groupId>net.kyori</groupId>
        </exclusion>
        <exclusion>
          <artifactId>paperlib</artifactId>
          <groupId>io.papermc</groupId>
        </exclusion>
        <exclusion>
          <artifactId>bstats-bukkit</artifactId>
          <groupId>org.bstats</groupId>
        </exclusion>
        <exclusion>
          <artifactId>PRTree</artifactId>
          <groupId>com.intellectualsites.prtree</groupId>
        </exclusion>
        <exclusion>
          <artifactId>adventure-api</artifactId>
          <groupId>net.kyori</groupId>
        </exclusion>
        <exclusion>
          <artifactId>adventure-text-minimessage</artifactId>
          <groupId>net.kyori</groupId>
        </exclusion>
        <exclusion>
          <artifactId>aopalliance</artifactId>
          <groupId>aopalliance</groupId>
        </exclusion>
        <exclusion>
          <artifactId>checker-qual</artifactId>
          <groupId>org.checkerframework</groupId>
        </exclusion>
        <exclusion>
          <artifactId>cloud-services</artifactId>
          <groupId>cloud.commandframework</groupId>
        </exclusion>
        <exclusion>
          <artifactId>guice-assistedinject</artifactId>
          <groupId>com.google.inject.extensions</groupId>
        </exclusion>
        <exclusion>
          <artifactId>spotbugs-annotations</artifactId>
          <groupId>com.github.spotbugs</groupId>
        </exclusion>
        <exclusion>
          <artifactId>log4j-api</artifactId>
          <groupId>org.apache.logging.log4j</groupId>
        </exclusion>
        <exclusion>
          <artifactId>gson</artifactId>
          <groupId>com.google.code.gson</groupId>
        </exclusion>
        <exclusion>
          <artifactId>snakeyaml</artifactId>
          <groupId>org.yaml</groupId>
        </exclusion>
      </exclusions>
    </dependency>
    <dependency>
      <groupId>com.sk89q.worldedit</groupId>
      <artifactId>worldedit-bukkit</artifactId>
      <version>7.3.11</version>
      <scope>provided</scope>
      <exclusions>
        <exclusion>
          <artifactId>*</artifactId>
          <groupId>org.bstats</groupId>
        </exclusion>
        <exclusion>
          <artifactId>fastutil</artifactId>
          <groupId>it.unimi.dsi</groupId>
        </exclusion>
        <exclusion>
          <artifactId>paperlib</artifactId>
          <groupId>io.papermc</groupId>
        </exclusion>
        <exclusion>
          <artifactId>antlr4</artifactId>
          <groupId>org.antlr</groupId>
        </exclusion>
        <exclusion>
          <artifactId>antlr4-runtime</artifactId>
          <groupId>org.antlr</groupId>
        </exclusion>
        <exclusion>
          <artifactId>gson</artifactId>
          <groupId>com.google.code.gson</groupId>
        </exclusion>
        <exclusion>
          <artifactId>guava</artifactId>
          <groupId>com.google.guava</groupId>
        </exclusion>
        <exclusion>
          <artifactId>jchronic</artifactId>
          <groupId>com.sk89q</groupId>
        </exclusion>
        <exclusion>
          <artifactId>jlibnoise</artifactId>
          <groupId>com.sk89q.lib</groupId>
        </exclusion>
        <exclusion>
          <artifactId>lin-bus-format-snbt</artifactId>
          <groupId>org.enginehub.lin-bus.format</groupId>
        </exclusion>
        <exclusion>
          <artifactId>lin-bus-tree</artifactId>
          <groupId>org.enginehub.lin-bus</groupId>
        </exclusion>
        <exclusion>
          <artifactId>rhino-runtime</artifactId>
          <groupId>org.mozilla</groupId>
        </exclusion>
        <exclusion>
          <artifactId>paranamer</artifactId>
          <groupId>com.thoughtworks.paranamer</groupId>
        </exclusion>
        <exclusion>
          <artifactId>snakeyaml</artifactId>
          <groupId>org.yaml</groupId>
        </exclusion>
        <exclusion>
          <artifactId>log4j-api</artifactId>
          <groupId>org.apache.logging.log4j</groupId>
        </exclusion>
      </exclusions>
    </dependency>
    <dependency>
      <groupId>com.ghostchu</groupId>
      <artifactId>quickshop-bukkit</artifactId>
      <version>6.3.0.0-SNAPSHOT-2</version>
      <scope>provided</scope>
    </dependency>
    <dependency>
      <groupId>org.projectlombok</groupId>
      <artifactId>lombok</artifactId>
      <version>1.18.38</version>
      <scope>provided</scope>
    </dependency>
    <dependency>
      <groupId>org.jetbrains</groupId>
      <artifactId>annotations</artifactId>
      <version>26.0.2-1</version>
      <scope>provided</scope>
    </dependency>
    <dependency>
      <groupId>org.xerial</groupId>
      <artifactId>sqlite-jdbc</artifactId>
      <version>3.46.1.3</version>
      <scope>compile</scope>
    </dependency>
  </dependencies>
</project>
