<?xml version="1.0" encoding="UTF-8"?>
<project xmlns="http://maven.apache.org/POM/4.0.0" xmlns:xsi="http://www.w3.org/2001/XMLSchema-instance" xsi:schemaLocation="http://maven.apache.org/POM/4.0.0 http://maven.apache.org/maven-v4_0_0.xsd">
  <parent>
    <artifactId>quickshop-hikari</artifactId>
    <groupId>com.ghostchu</groupId>
    <version>6.3.0.0-SNAPSHOT-2</version>
    <relativePath>../../pom.xml</relativePath>
  </parent>
  <modelVersion>4.0.0</modelVersion>
  <groupId>com.ghostchu.quickshop.compatibility</groupId>
  <artifactId>worldguard</artifactId>
  <packaging>takari-jar</packaging>
  <name>Compat-WorldGuard</name>
  <build>
    <resources>
      <resource>
        <filtering>true</filtering>
        <directory>src/main/resources</directory>
      </resource>
    </resources>
    <plugins>
      <plugin>
        <artifactId>maven-shade-plugin</artifactId>
      </plugin>
    </plugins>
  </build>
  <repositories>
    <repository>
      <id>enginehub-repo</id>
      <url>https://maven.enginehub.org/repo/</url>
    </repository>
  </repositories>
  <dependencies>
    <dependency>
      <groupId>io.papermc.paper</groupId>
      <artifactId>paper-api</artifactId>
      <version>1.21.1-R0.1-SNAPSHOT</version>
      <scope>provided</scope>
    </dependency>
    <dependency>
      <groupId>com.sk89q.worldguard</groupId>
      <artifactId>worldguard-bukkit</artifactId>
      <version>7.0.13</version>
      <scope>provided</scope>
      <exclusions>
        <exclusion>
          <artifactId>flyway-core</artifactId>
          <groupId>org.flywaydb</groupId>
        </exclusion>
        <exclusion>
          <artifactId>snakeyaml</artifactId>
          <groupId>org.yaml</groupId>
        </exclusion>
        <exclusion>
          <artifactId>guava</artifactId>
          <groupId>com.google.guava</groupId>
        </exclusion>
        <exclusion>
          <artifactId>antlr4</artifactId>
          <groupId>org.antlr</groupId>
        </exclusion>
        <exclusion>
          <artifactId>antlr4-runtime</artifactId>
          <groupId>org.antlr</groupId>
        </exclusion>
        <exclusion>
          <artifactId>fastutil</artifactId>
          <groupId>it.unimi.dsi</groupId>
        </exclusion>
        <exclusion>
          <artifactId>gson</artifactId>
          <groupId>com.google.code.gson</groupId>
        </exclusion>
        <exclusion>
          <artifactId>jsr305</artifactId>
          <groupId>com.google.code.findbugs</groupId>
        </exclusion>
        <exclusion>
          <artifactId>log4j-api</artifactId>
          <groupId>org.apache.logging.log4j</groupId>
        </exclusion>
        <exclusion>
          <artifactId>rhino-runtime</artifactId>
          <groupId>org.mozilla</groupId>
        </exclusion>
      </exclusions>
    </dependency>
    <dependency>
      <groupId>com.ghostchu</groupId>
      <artifactId>quickshop-bukkit</artifactId>
      <version>6.3.0.0-SNAPSHOT-2</version>
      <scope>provided</scope>
    </dependency>
    <dependency>
      <groupId>org.projectlombok</groupId>
      <artifactId>lombok</artifactId>
      <version>1.18.38</version>
      <scope>provided</scope>
    </dependency>
    <dependency>
      <groupId>org.jetbrains</groupId>
      <artifactId>annotations</artifactId>
      <version>26.0.2-1</version>
      <scope>provided</scope>
    </dependency>
    <dependency>
      <groupId>org.xerial</groupId>
      <artifactId>sqlite-jdbc</artifactId>
      <version>3.46.1.3</version>
      <scope>compile</scope>
    </dependency>
  </dependencies>
</project>
